{"cameraMode":{"drawMode":0,"name":"Shaded","section":"Shading Mode"},"sceneLighting":true,"audioPlay":false,"sceneViewState":{"showFog":true,"showMaterialUpdate":true,"showSkybox":true,"showFlares":true,"showImageEffects":true,"showParticleSystems":true,"showVisualEffectGraphs":true,"m_FxEnabled":true},"in2DMode":false,"pivot":{"x":7.091192245483398,"y":2.8032093048095705,"z":-3.686704635620117},"rotation":{"x":0.4429793953895569,"y":-0.036019016057252887,"z":0.017804935574531556,"w":0.8956500291824341},"size":12.12435531616211,"orthographic":false}