{"cameraMode":{"drawMode":0,"name":"Shaded","section":"Shading Mode"},"sceneLighting":true,"audioPlay":false,"sceneViewState":{"showFog":true,"showMaterialUpdate":true,"showSkybox":true,"showFlares":true,"showImageEffects":true,"showParticleSystems":true,"showVisualEffectGraphs":true,"m_FxEnabled":true},"in2DMode":false,"pivot":{"x":6.348287582397461,"y":-0.7094457745552063,"z":3.8070011138916017},"rotation":{"x":0.00017359327466692775,"y":-0.948920488357544,"z":0.0002695777511689812,"w":0.31582027673721316},"size":2.028334379196167,"orthographic":false}