{"cameraMode":{"drawMode":0,"name":"Shaded","section":"Shading Mode"},"sceneLighting":true,"audioPlay":false,"sceneViewState":{"showFog":true,"showMaterialUpdate":true,"showSkybox":true,"showFlares":true,"showImageEffects":true,"showParticleSystems":true,"showVisualEffectGraphs":true,"m_FxEnabled":true},"in2DMode":false,"pivot":{"x":7.6815290451049809,"y":0.09467864036560059,"z":-5.7073822021484379},"rotation":{"x":0.21082785725593568,"y":-0.4697282612323761,"z":0.11659479886293411,"w":0.8493230938911438},"size":4.00004768371582,"orthographic":false}