{"cameraMode":{"drawMode":0,"name":"Shaded","section":"Shading Mode"},"sceneLighting":true,"audioPlay":false,"sceneViewState":{"showFog":true,"showMaterialUpdate":true,"showSkybox":true,"showFlares":true,"showImageEffects":true,"showParticleSystems":true,"showVisualEffectGraphs":true,"m_FxEnabled":true},"in2DMode":false,"pivot":{"x":8.991578102111817,"y":4.652982711791992,"z":-1.5053291320800782},"rotation":{"x":0.39008209109306338,"y":0.01961693726480007,"z":-0.008322165347635746,"w":0.9205520749092102},"size":13.24009895324707,"orthographic":false}